{
  "base_camera_name": "Camera.016",
  "width": 512,
  "height": 512,
  "baseline_m": 0.12,
  "baseline_choices_m": [
    0.06,
    0.08,
    0.1,
    0.12,
    0.14
  ],
  "fov_deg": 70.51691148313532,
  "min_fov_deg": 50,
  "max_fov_deg": 75,
  "fx": 362.11822293037903,
  "fy": 362.11822293037903,
  "cx": 256.0,
  "cy": 256.0,
  "image_left": "left.jpg",
  "image_right": "right.jpg",
  "image_depth_left": "depth_left_0001.exr",
  "base_camera": {
    "name": "Camera.016",
    "matrix_world": [
      [
        0.12423598021268845,
        -0.11142941564321518,
        -0.9859760999679565,
        -12.544671058654785
      ],
      [
        -0.9922527074813843,
        -0.01395169273018837,
        -0.12345010787248611,
        -5.876679420471191
      ],
      [
        -6.24174916197262e-08,
        0.9936743974685669,
        -0.11229944229125977,
        1.4266178607940674
      ],
      [
        0.0,
        0.0,
        0.0,
        1.0
      ]
    ]
  },
  "cam_left": {
    "name": "__tmp_Camera_016_L",
    "matrix_world": [
      [
        0.12423598021268845,
        -0.11142942309379578,
        -0.9859760999679565,
        -12.552124977111816
      ],
      [
        -0.9922527074813843,
        -0.013951601460576057,
        -0.12345011532306671,
        -5.817144393920898
      ],
      [
        2.9737069695556784e-08,
        0.9936743378639221,
        -0.11229944229125977,
        1.4266178607940674
      ],
      [
        0.0,
        0.0,
        0.0,
        1.0
      ]
    ]
  },
  "cam_right": {
    "name": "__tmp_Camera_016_R",
    "matrix_world": [
      [
        0.12423598021268845,
        -0.11142942309379578,
        -0.9859760999679565,
        -12.537217140197754
      ],
      [
        -0.9922527074813843,
        -0.013951601460576057,
        -0.12345011532306671,
        -5.936214447021484
      ],
      [
        2.9737069695556784e-08,
        0.9936743378639221,
        -0.11229944229125977,
        1.4266178607940674
      ],
      [
        0.0,
        0.0,
        0.0,
        1.0
      ]
    ]
  },
  "focal_mm": 25.461437549792276,
  "min_focal_mm": 24,
  "max_focal_mm": 40
}