{
  "base_camera_name": "Camera.002",
  "width": 512,
  "height": 512,
  "baseline_m": 0.1,
  "baseline_choices_m": [
    0.06,
    0.08,
    0.1,
    0.12,
    0.14
  ],
  "fov_deg": 48.62577654511619,
  "min_fov_deg": 50,
  "max_fov_deg": 75,
  "fx": 566.6372713248969,
  "fy": 566.6372713248969,
  "cx": 256.0,
  "cy": 256.0,
  "image_left": "left.jpg",
  "image_right": "right.jpg",
  "image_depth_left": "depth_left_0001.exr",
  "base_camera": {
    "name": "Camera.002",
    "matrix_world": [
      [
        0.6896176338195801,
        -0.11116712540388107,
        -0.715590238571167,
        -0.8424208164215088
      ],
      [
        -0.7241736650466919,
        -0.1058623269200325,
        -0.6814438104629517,
        -0.5741653442382812
      ],
      [
        1.0227074653812451e-07,
        0.9881472587585449,
        -0.15350882709026337,
        0.49089473485946655
      ],
      [
        0.0,
        0.0,
        0.0,
        1.0
      ]
    ]
  },
  "cam_left": {
    "name": "__tmp_Camera_002_L",
    "matrix_world": [
      [
        0.6896175742149353,
        -0.11116714775562286,
        -0.715590238571167,
        -0.8769016861915588
      ],
      [
        -0.7241736650466919,
        -0.10586228966712952,
        -0.6814438104629517,
        -0.5379566550254822
      ],
      [
        1.3791220965231332e-07,
        0.9881471991539001,
        -0.15350882709026337,
        0.49089473485946655
      ],
      [
        0.0,
        0.0,
        0.0,
        1.0
      ]
    ]
  },
  "cam_right": {
    "name": "__tmp_Camera_002_R",
    "matrix_world": [
      [
        0.6896175742149353,
        -0.11116714775562286,
        -0.715590238571167,
        -0.8079399466514587
      ],
      [
        -0.7241736650466919,
        -0.10586228966712952,
        -0.6814438104629517,
        -0.6103740334510803
      ],
      [
        1.3791220965231332e-07,
        0.9881471991539001,
        -0.15350882709026337,
        0.49089473485946655
      ],
      [
        0.0,
        0.0,
        0.0,
        1.0
      ]
    ]
  },
  "focal_mm": 39.84168314003181,
  "min_focal_mm": 24,
  "max_focal_mm": 40
}