{
  "base_camera_name": "Camera.019",
  "width": 512,
  "height": 512,
  "baseline_m": 0.12,
  "baseline_choices_m": [
    0.06,
    0.08,
    0.1,
    0.12,
    0.14
  ],
  "fov_deg": 48.86183688194071,
  "min_fov_deg": 50,
  "max_fov_deg": 75,
  "fx": 563.5403323969558,
  "fy": 563.5403323969558,
  "cx": 256.0,
  "cy": 256.0,
  "image_left": "left.jpg",
  "image_right": "right.jpg",
  "image_depth_left": "depth_left_0001.exr",
  "base_camera": {
    "name": "Camera.019",
    "matrix_world": [
      [
        0.15492886304855347,
        0.1117110550403595,
        0.9815893769264221,
        -11.108283042907715
      ],
      [
        0.98792564868927,
        -0.017518652603030205,
        -0.15393520891666412,
        -5.898236274719238
      ],
      [
        -1.405535670073732e-07,
        0.9935863018035889,
        -0.1130763590335846,
        1.4266178607940674
      ],
      [
        0.0,
        0.0,
        0.0,
        1.0
      ]
    ]
  },
  "cam_left": {
    "name": "__tmp_Camera_019_L",
    "matrix_world": [
      [
        0.15492886304855347,
        0.1117110550403595,
        0.9815893769264221,
        -11.117578506469727
      ],
      [
        0.98792564868927,
        -0.017518656328320503,
        -0.15393520891666412,
        -5.957511901855469
      ],
      [
        -1.3692614686533489e-07,
        0.9935863018035889,
        -0.1130763590335846,
        1.4266178607940674
      ],
      [
        0.0,
        0.0,
        0.0,
        1.0
      ]
    ]
  },
  "cam_right": {
    "name": "__tmp_Camera_019_R",
    "matrix_world": [
      [
        0.15492886304855347,
        0.1117110550403595,
        0.9815893769264221,
        -11.098987579345703
      ],
      [
        0.98792564868927,
        -0.017518656328320503,
        -0.15393520891666412,
        -5.838960647583008
      ],
      [
        -1.3692614686533489e-07,
        0.9935863018035889,
        -0.1130763590335846,
        1.4266178607940674
      ],
      [
        0.0,
        0.0,
        0.0,
        1.0
      ]
    ]
  },
  "focal_mm": 39.623929621660956,
  "min_focal_mm": 24,
  "max_focal_mm": 40
}