{
  "base_camera_name": "Camera.001",
  "width": 512,
  "height": 512,
  "baseline_m": 0.08,
  "baseline_choices_m": [
    0.06,
    0.08,
    0.1,
    0.12,
    0.14
  ],
  "fov_deg": 51.1385830097069,
  "min_fov_deg": 50,
  "max_fov_deg": 75,
  "fx": 535.048953874933,
  "fy": 535.048953874933,
  "cx": 256.0,
  "cy": 256.0,
  "image_left": "left.jpg",
  "image_right": "right.jpg",
  "image_depth_left": "depth_left_0001.exr",
  "base_camera": {
    "name": "Camera.001",
    "matrix_world": [
      [
        -0.6654926538467407,
        -0.2967468202114105,
        0.6848801970481873,
        -10.719533920288086
      ],
      [
        0.7464044094085693,
        -0.26457884907722473,
        0.6106377840042114,
        2.6210198402404785
      ],
      [
        7.475961183445179e-09,
        0.917572557926178,
        0.39756840467453003,
        0.826576828956604
      ],
      [
        0.0,
        0.0,
        0.0,
        1.0
      ]
    ]
  },
  "cam_left": {
    "name": "__tmp_Camera_001_L",
    "matrix_world": [
      [
        -0.6654926538467407,
        -0.29674676060676575,
        0.6848801970481873,
        -10.692914009094238
      ],
      [
        0.7464044094085693,
        -0.2645787298679352,
        0.6106378436088562,
        2.5911636352539062
      ],
      [
        -6.71529534201909e-08,
        0.917572557926178,
        0.3975682854652405,
        0.826576828956604
      ],
      [
        0.0,
        0.0,
        0.0,
        1.0
      ]
    ]
  },
  "cam_right": {
    "name": "__tmp_Camera_001_R",
    "matrix_world": [
      [
        -0.6654926538467407,
        -0.29674676060676575,
        0.6848801970481873,
        -10.746153831481934
      ],
      [
        0.7464044094085693,
        -0.2645787298679352,
        0.6106378436088562,
        2.650876045227051
      ],
      [
        -6.71529534201909e-08,
        0.917572557926178,
        0.3975682854652405,
        0.826576828956604
      ],
      [
        0.0,
        0.0,
        0.0,
        1.0
      ]
    ]
  },
  "focal_mm": 37.62062956933123,
  "min_focal_mm": 24,
  "max_focal_mm": 40
}