{
  "base_camera_name": "Camera.009",
  "width": 512,
  "height": 512,
  "baseline_m": 0.14,
  "baseline_choices_m": [
    0.06,
    0.08,
    0.1,
    0.12,
    0.14
  ],
  "fov_deg": 49.68834728466194,
  "min_fov_deg": 50,
  "max_fov_deg": 75,
  "fx": 552.9148290158478,
  "fy": 552.9148290158478,
  "cx": 256.0,
  "cy": 256.0,
  "image_left": "left.jpg",
  "image_right": "right.jpg",
  "image_depth_left": "depth_left_0001.exr",
  "base_camera": {
    "name": "Camera.009",
    "matrix_world": [
      [
        -0.3956410586833954,
        -0.08244102448225021,
        0.9146975874900818,
        -10.365108489990234
      ],
      [
        0.9184052348136902,
        -0.035514820367097855,
        0.39404383301734924,
        2.461667776107788
      ],
      [
        -5.8401813163300176e-08,
        0.995962917804718,
        0.08976539224386215,
        0.5347307920455933
      ],
      [
        0.0,
        0.0,
        0.0,
        1.0
      ]
    ]
  },
  "cam_left": {
    "name": "__tmp_Camera_009_L",
    "matrix_world": [
      [
        -0.39564114809036255,
        -0.08244100213050842,
        0.914697527885437,
        -10.337413787841797
      ],
      [
        0.9184051752090454,
        -0.035514865070581436,
        0.3940439224243164,
        2.3973793983459473
      ],
      [
        -1.4193467734457954e-08,
        0.9959628582000732,
        0.08976539224386215,
        0.5347307920455933
      ],
      [
        0.0,
        0.0,
        0.0,
        1.0
      ]
    ]
  },
  "cam_right": {
    "name": "__tmp_Camera_009_R",
    "matrix_world": [
      [
        -0.39564114809036255,
        -0.08244100213050842,
        0.914697527885437,
        -10.392803192138672
      ],
      [
        0.9184051752090454,
        -0.035514865070581436,
        0.3940439224243164,
        2.525956153869629
      ],
      [
        -1.4193467734457954e-08,
        0.9959628582000732,
        0.08976539224386215,
        0.5347307920455933
      ],
      [
        0.0,
        0.0,
        0.0,
        1.0
      ]
    ]
  },
  "focal_mm": 38.8768239151768,
  "min_focal_mm": 24,
  "max_focal_mm": 40
}