{
  "base_camera_name": "Camera.012",
  "width": 512,
  "height": 512,
  "baseline_m": 0.1,
  "baseline_choices_m": [
    0.06,
    0.08,
    0.1,
    0.12,
    0.14
  ],
  "fov_deg": 52.019486197673785,
  "min_fov_deg": 50,
  "max_fov_deg": 75,
  "fx": 524.6513298956113,
  "fy": 524.6513298956113,
  "cx": 256.0,
  "cy": 256.0,
  "image_left": "left.jpg",
  "image_right": "right.jpg",
  "image_depth_left": "depth_left_0001.exr",
  "base_camera": {
    "name": "Camera.012",
    "matrix_world": [
      [
        0.2470802664756775,
        0.018609749153256416,
        0.9688162803649902,
        -10.365108489990234
      ],
      [
        0.9689950346946716,
        -0.0047454736195504665,
        -0.2470346838235855,
        -6.157835960388184
      ],
      [
        2.3830887130316114e-07,
        0.9998155832290649,
        -0.01920526847243309,
        1.4799935817718506
      ],
      [
        0.0,
        0.0,
        0.0,
        1.0
      ]
    ]
  },
  "cam_left": {
    "name": "__tmp_Camera_012_L",
    "matrix_world": [
      [
        0.24708037078380585,
        0.018609745427966118,
        0.9688162803649902,
        -10.377462387084961
      ],
      [
        0.9689949750900269,
        -0.004745493642985821,
        -0.24703480303287506,
        -6.20628547668457
      ],
      [
        2.5692349936434766e-07,
        0.9998155832290649,
        -0.01920526847243309,
        1.4799935817718506
      ],
      [
        0.0,
        0.0,
        0.0,
        1.0
      ]
    ]
  },
  "cam_right": {
    "name": "__tmp_Camera_012_R",
    "matrix_world": [
      [
        0.24708037078380585,
        0.018609745427966118,
        0.9688162803649902,
        -10.352754592895508
      ],
      [
        0.9689949750900269,
        -0.004745493642985821,
        -0.24703480303287506,
        -6.109386444091797
      ],
      [
        2.5692349936434766e-07,
        0.9998155832290649,
        -0.01920526847243309,
        1.4799935817718506
      ],
      [
        0.0,
        0.0,
        0.0,
        1.0
      ]
    ]
  },
  "focal_mm": 36.889546633285164,
  "min_focal_mm": 24,
  "max_focal_mm": 40
}