{
  "base_camera_name": "Camera.014",
  "width": 512,
  "height": 512,
  "baseline_m": 0.14,
  "baseline_choices_m": [
    0.06,
    0.08,
    0.1,
    0.12,
    0.14
  ],
  "fov_deg": 68.03529978664214,
  "min_fov_deg": 50,
  "max_fov_deg": 75,
  "fx": 379.2835282636053,
  "fy": 379.2835282636053,
  "cx": 256.0,
  "cy": 256.0,
  "image_left": "left.jpg",
  "image_right": "right.jpg",
  "image_depth_left": "depth_left_0001.exr",
  "base_camera": {
    "name": "Camera.014",
    "matrix_world": [
      [
        -0.4063751995563507,
        0.08225106447935104,
        -0.9099966883659363,
        -13.223289489746094
      ],
      [
        -0.9137063026428223,
        -0.03658144548535347,
        0.4047253429889679,
        2.4724271297454834
      ],
      [
        9.85895809435533e-08,
        0.9959400296211243,
        0.0900191068649292,
        0.5347307920455933
      ],
      [
        0.0,
        0.0,
        0.0,
        1.0
      ]
    ]
  },
  "cam_left": {
    "name": "__tmp_Camera_014_L",
    "matrix_world": [
      [
        -0.4063751995563507,
        0.08225099742412567,
        -0.9099966883659363,
        -13.194843292236328
      ],
      [
        -0.9137063026428223,
        -0.036581315100193024,
        0.4047253727912903,
        2.536386489868164
      ],
      [
        1.9034354181712843e-07,
        0.9959400296211243,
        0.09001899510622025,
        0.5347307920455933
      ],
      [
        0.0,
        0.0,
        0.0,
        1.0
      ]
    ]
  },
  "cam_right": {
    "name": "__tmp_Camera_014_R",
    "matrix_world": [
      [
        -0.4063751995563507,
        0.08225099742412567,
        -0.9099966883659363,
        -13.25173568725586
      ],
      [
        -0.9137063026428223,
        -0.036581315100193024,
        0.4047253727912903,
        2.4084677696228027
      ],
      [
        1.9034354181712843e-07,
        0.9959400296211243,
        0.09001899510622025,
        0.5347307920455933
      ],
      [
        0.0,
        0.0,
        0.0,
        1.0
      ]
    ]
  },
  "focal_mm": 26.668373081034744,
  "min_focal_mm": 24,
  "max_focal_mm": 40
}