{
  "base_camera_name": "Camera.002",
  "width": 512,
  "height": 512,
  "baseline_m": 0.14,
  "baseline_choices_m": [
    0.06,
    0.08,
    0.1,
    0.12,
    0.14
  ],
  "fov_deg": 63.14232117570557,
  "min_fov_deg": 50,
  "max_fov_deg": 75,
  "fx": 416.5917604575648,
  "fy": 416.5917604575648,
  "cx": 256.0,
  "cy": 256.0,
  "image_left": "left.jpg",
  "image_right": "right.jpg",
  "image_depth_left": "depth_left_0001.exr",
  "base_camera": {
    "name": "Camera.002",
    "matrix_world": [
      [
        0.9494242072105408,
        0.0518491230905056,
        0.30968591570854187,
        -11.91207504272461
      ],
      [
        0.3139963150024414,
        -0.15677528083324432,
        -0.9363908767700195,
        -5.384264945983887
      ],
      [
        4.669551145752848e-08,
        0.986272394657135,
        -0.16512666642665863,
        0.5347307920455933
      ],
      [
        0.0,
        0.0,
        0.0,
        1.0
      ]
    ]
  },
  "cam_left": {
    "name": "__tmp_Camera_002_L",
    "matrix_world": [
      [
        0.9494242072105408,
        0.051849108189344406,
        0.30968597531318665,
        -11.978534698486328
      ],
      [
        0.3139963746070862,
        -0.15677516162395477,
        -0.9363908767700195,
        -5.40624475479126
      ],
      [
        3.4654686231760934e-08,
        0.986272394657135,
        -0.16512656211853027,
        0.5347307920455933
      ],
      [
        0.0,
        0.0,
        0.0,
        1.0
      ]
    ]
  },
  "cam_right": {
    "name": "__tmp_Camera_002_R",
    "matrix_world": [
      [
        0.9494242072105408,
        0.051849108189344406,
        0.30968597531318665,
        -11.84561538696289
      ],
      [
        0.3139963746070862,
        -0.15677516162395477,
        -0.9363908767700195,
        -5.362285137176514
      ],
      [
        3.4654686231760934e-08,
        0.986272394657135,
        -0.16512656211853027,
        0.5347307920455933
      ],
      [
        0.0,
        0.0,
        0.0,
        1.0
      ]
    ]
  },
  "focal_mm": 29.291608157172526,
  "min_focal_mm": 24,
  "max_focal_mm": 40
}