{
  "base_camera_name": "Camera.005",
  "width": 512,
  "height": 512,
  "baseline_m": 0.14,
  "baseline_choices_m": [
    0.06,
    0.08,
    0.1,
    0.12,
    0.14
  ],
  "fov_deg": 61.24728711967833,
  "min_fov_deg": 50,
  "max_fov_deg": 75,
  "fx": 432.4649598510251,
  "fy": 432.4649598510251,
  "cx": 256.0,
  "cy": 256.0,
  "image_left": "left.jpg",
  "image_right": "right.jpg",
  "image_depth_left": "depth_left_0001.exr",
  "base_camera": {
    "name": "Camera.005",
    "matrix_world": [
      [
        -0.9310380816459656,
        -0.03570105507969856,
        0.3631715476512909,
        -11.83377456665039
      ],
      [
        0.36492210626602173,
        -0.09108538180589676,
        0.926571786403656,
        5.522735118865967
      ],
      [
        2.921191999405437e-08,
        0.9952029585838318,
        0.09783206135034561,
        0.5347307920455933
      ],
      [
        0.0,
        0.0,
        0.0,
        1.0
      ]
    ]
  },
  "cam_left": {
    "name": "__tmp_Camera_005_L",
    "matrix_world": [
      [
        -0.9310380816459656,
        -0.035701051354408264,
        0.3631715476512909,
        -11.76860237121582
      ],
      [
        0.36492210626602173,
        -0.09108538925647736,
        0.926571786403656,
        5.497190475463867
      ],
      [
        3.525923375491402e-08,
        0.9952029585838318,
        0.09783206135034561,
        0.5347307920455933
      ],
      [
        0.0,
        0.0,
        0.0,
        1.0
      ]
    ]
  },
  "cam_right": {
    "name": "__tmp_Camera_005_R",
    "matrix_world": [
      [
        -0.9310380816459656,
        -0.035701051354408264,
        0.3631715476512909,
        -11.898946762084961
      ],
      [
        0.36492210626602173,
        -0.09108538925647736,
        0.926571786403656,
        5.548279762268066
      ],
      [
        3.525923375491402e-08,
        0.9952029585838318,
        0.09783206135034561,
        0.5347307920455933
      ],
      [
        0.0,
        0.0,
        0.0,
        1.0
      ]
    ]
  },
  "focal_mm": 30.407692489525207,
  "min_focal_mm": 24,
  "max_focal_mm": 40
}