{
  "base_camera_name": "Camera.011",
  "width": 512,
  "height": 512,
  "baseline_m": 0.14,
  "baseline_choices_m": [
    0.06,
    0.08,
    0.1,
    0.12,
    0.14
  ],
  "fov_deg": 63.0831085957972,
  "min_fov_deg": 50,
  "max_fov_deg": 75,
  "fx": 417.0747509102391,
  "fy": 417.0747509102391,
  "cx": 256.0,
  "cy": 256.0,
  "image_left": "left.jpg",
  "image_right": "right.jpg",
  "image_depth_left": "depth_left_0001.exr",
  "base_camera": {
    "name": "Camera.011",
    "matrix_world": [
      [
        0.9287197589874268,
        0.03550290688872337,
        -0.36907878518104553,
        -11.786901473999023
      ],
      [
        -0.37078240513801575,
        0.08892612904310226,
        -0.924452543258667,
        1.0398752689361572
      ],
      [
        -5.4138080685106615e-09,
        0.9954053163528442,
        0.0957513079047203,
        0.5347307920455933
      ],
      [
        0.0,
        0.0,
        0.0,
        1.0
      ]
    ]
  },
  "cam_left": {
    "name": "__tmp_Camera_011_L",
    "matrix_world": [
      [
        0.9287197589874268,
        0.035502903163433075,
        -0.3690788149833679,
        -11.851911544799805
      ],
      [
        -0.37078243494033813,
        0.08892612904310226,
        -0.924452543258667,
        1.0658299922943115
      ],
      [
        1.1163692192894814e-09,
        0.9954053163528442,
        0.0957513079047203,
        0.5347307920455933
      ],
      [
        0.0,
        0.0,
        0.0,
        1.0
      ]
    ]
  },
  "cam_right": {
    "name": "__tmp_Camera_011_R",
    "matrix_world": [
      [
        0.9287197589874268,
        0.035502903163433075,
        -0.3690788149833679,
        -11.721891403198242
      ],
      [
        -0.37078243494033813,
        0.08892612904310226,
        -0.924452543258667,
        1.013920545578003
      ],
      [
        1.1163692192894814e-09,
        0.9954053163528442,
        0.0957513079047203,
        0.5347307920455933
      ],
      [
        0.0,
        0.0,
        0.0,
        1.0
      ]
    ]
  },
  "focal_mm": 29.32556842337618,
  "min_focal_mm": 24,
  "max_focal_mm": 40
}