{
  "base_camera_name": "Camera.003",
  "width": 512,
  "height": 512,
  "baseline_m": 0.1,
  "baseline_choices_m": [
    0.06,
    0.08,
    0.1,
    0.12,
    0.14
  ],
  "fov_deg": 62.97043164583888,
  "min_fov_deg": 50,
  "max_fov_deg": 75,
  "fx": 417.9960942308802,
  "fy": 417.9960942308802,
  "cx": 256.0,
  "cy": 256.0,
  "image_left": "left.jpg",
  "image_right": "right.jpg",
  "image_depth_left": "depth_left_0001.exr",
  "base_camera": {
    "name": "Camera.003",
    "matrix_world": [
      [
        0.05314392223954201,
        0.09606354683637619,
        -0.9939554929733276,
        -13.25556755065918
      ],
      [
        -0.998586893081665,
        0.0051123276352882385,
        -0.05289745330810547,
        4.100943088531494
      ],
      [
        -9.055769822907678e-08,
        0.9953621029853821,
        0.09619948267936707,
        0.5347307920455933
      ],
      [
        0.0,
        0.0,
        0.0,
        1.0
      ]
    ]
  },
  "cam_left": {
    "name": "__tmp_Camera_003_L",
    "matrix_world": [
      [
        0.05314404144883156,
        0.09606365859508514,
        -0.9939554929733276,
        -13.258224487304688
      ],
      [
        -0.9985868334770203,
        0.0051124561578035355,
        -0.052897557616233826,
        4.150872230529785
      ],
      [
        2.1073821798722747e-08,
        0.9953620433807373,
        0.09619960188865662,
        0.5347307920455933
      ],
      [
        0.0,
        0.0,
        0.0,
        1.0
      ]
    ]
  },
  "cam_right": {
    "name": "__tmp_Camera_003_R",
    "matrix_world": [
      [
        0.05314404144883156,
        0.09606365859508514,
        -0.9939554929733276,
        -13.252910614013672
      ],
      [
        -0.9985868334770203,
        0.0051124561578035355,
        -0.052897557616233826,
        4.051013946533203
      ],
      [
        2.1073821798722747e-08,
        0.9953620433807373,
        0.09619960188865662,
        0.5347307920455933
      ],
      [
        0.0,
        0.0,
        0.0,
        1.0
      ]
    ]
  },
  "focal_mm": 29.39035037560877,
  "min_focal_mm": 24,
  "max_focal_mm": 40
}