{
  "base_camera_name": "Camera.013",
  "width": 512,
  "height": 512,
  "baseline_m": 0.14,
  "baseline_choices_m": [
    0.06,
    0.08,
    0.1,
    0.12,
    0.14
  ],
  "fov_deg": 65.89340938733972,
  "min_fov_deg": 50,
  "max_fov_deg": 75,
  "fx": 395.00934808223576,
  "fy": 395.00934808223576,
  "cx": 256.0,
  "cy": 256.0,
  "image_left": "left.jpg",
  "image_right": "right.jpg",
  "image_depth_left": "depth_left_0001.exr",
  "base_camera": {
    "name": "Camera.013",
    "matrix_world": [
      [
        0.9993693828582764,
        0.0016264112200587988,
        0.03547171503305435,
        -11.786901473999023
      ],
      [
        0.035508982837200165,
        -0.045773815363645554,
        -0.9983205199241638,
        -7.579628944396973
      ],
      [
        -3.92451404707117e-09,
        0.9989504814147949,
        -0.04580270126461983,
        1.4799935817718506
      ],
      [
        0.0,
        0.0,
        0.0,
        1.0
      ]
    ]
  },
  "cam_left": {
    "name": "__tmp_Camera_013_L",
    "matrix_world": [
      [
        0.9993693828582764,
        0.0016264099394902587,
        0.03547171875834465,
        -11.856857299804688
      ],
      [
        0.03550898656249046,
        -0.045773692429065704,
        -0.9983205199241638,
        -7.5821146965026855
      ],
      [
        -6.857051815245541e-09,
        0.9989504218101501,
        -0.045802582055330276,
        1.4799935817718506
      ],
      [
        0.0,
        0.0,
        0.0,
        1.0
      ]
    ]
  },
  "cam_right": {
    "name": "__tmp_Camera_013_R",
    "matrix_world": [
      [
        0.9993693828582764,
        0.0016264099394902587,
        0.03547171875834465,
        -11.71694564819336
      ],
      [
        0.03550898656249046,
        -0.045773692429065704,
        -0.9983205199241638,
        -7.57714319229126
      ],
      [
        -6.857051815245541e-09,
        0.9989504218101501,
        -0.045802582055330276,
        1.4799935817718506
      ],
      [
        0.0,
        0.0,
        0.0,
        1.0
      ]
    ]
  },
  "focal_mm": 27.7740947870322,
  "min_focal_mm": 24,
  "max_focal_mm": 40
}