{
  "base_camera_name": "Camera.000",
  "width": 512,
  "height": 512,
  "baseline_m": 0.12,
  "baseline_choices_m": [
    0.06,
    0.08,
    0.1,
    0.12,
    0.14
  ],
  "fov_deg": 49.425964280663855,
  "min_fov_deg": 50,
  "max_fov_deg": 75,
  "fx": 556.2518917021499,
  "fy": 556.2518917021499,
  "cx": 256.0,
  "cy": 256.0,
  "image_left": "left.jpg",
  "image_right": "right.jpg",
  "image_depth_left": "depth_left_0001.exr",
  "base_camera": {
    "name": "Camera.000",
    "matrix_world": [
      [
        -0.9984873533248901,
        -0.014296327717602253,
        0.053090836852788925,
        -12.129321098327637
      ],
      [
        0.0549820140004158,
        -0.2596268951892853,
        0.9641425609588623,
        6.021455764770508
      ],
      [
        1.1051989901034176e-07,
        0.9656031727790833,
        0.2600201964378357,
        0.826576828956604
      ],
      [
        0.0,
        0.0,
        0.0,
        1.0
      ]
    ]
  },
  "cam_left": {
    "name": "__tmp_Camera_000_L",
    "matrix_world": [
      [
        -0.9984873533248901,
        -0.014296330511569977,
        0.053090836852788925,
        -12.069412231445312
      ],
      [
        0.0549820140004158,
        -0.25962698459625244,
        0.9641425013542175,
        6.018157005310059
      ],
      [
        1.1408800304479882e-07,
        0.9656031727790833,
        0.26002031564712524,
        0.826576828956604
      ],
      [
        0.0,
        0.0,
        0.0,
        1.0
      ]
    ]
  },
  "cam_right": {
    "name": "__tmp_Camera_000_R",
    "matrix_world": [
      [
        -0.9984873533248901,
        -0.014296330511569977,
        0.053090836852788925,
        -12.189229965209961
      ],
      [
        0.0549820140004158,
        -0.25962698459625244,
        0.9641425013542175,
        6.024754524230957
      ],
      [
        1.1408800304479882e-07,
        0.9656031727790833,
        0.26002031564712524,
        0.826576828956604
      ],
      [
        0.0,
        0.0,
        0.0,
        1.0
      ]
    ]
  },
  "focal_mm": 39.111461135307415,
  "min_focal_mm": 24,
  "max_focal_mm": 40
}