{
  "base_camera_name": "Camera.012",
  "width": 512,
  "height": 512,
  "baseline_m": 0.08,
  "baseline_choices_m": [
    0.06,
    0.08,
    0.1,
    0.12,
    0.14
  ],
  "fov_deg": 65.50181592595821,
  "min_fov_deg": 50,
  "max_fov_deg": 75,
  "fx": 397.98271416917083,
  "fy": 397.98271416917083,
  "cx": 256.0,
  "cy": 256.0,
  "image_left": "left.jpg",
  "image_right": "right.jpg",
  "image_depth_left": "depth_left_0001.exr",
  "base_camera": {
    "name": "Camera.012",
    "matrix_world": [
      [
        0.9245487451553345,
        -0.036725666373968124,
        0.3792898654937744,
        -11.801496505737305
      ],
      [
        0.3810637295246124,
        0.08910489082336426,
        -0.9202449321746826,
        1.0506346225738525
      ],
      [
        2.666583576171888e-08,
        0.9953449368476868,
        0.09637663513422012,
        0.5347307920455933
      ],
      [
        0.0,
        0.0,
        0.0,
        1.0
      ]
    ]
  },
  "cam_left": {
    "name": "__tmp_Camera_012_L",
    "matrix_world": [
      [
        0.9245486855506897,
        -0.036725740879774094,
        0.379289835691452,
        -11.838478088378906
      ],
      [
        0.38106369972229004,
        0.08910511434078217,
        -0.9202449321746826,
        1.0353920459747314
      ],
      [
        1.2030043627930809e-08,
        0.9953449368476868,
        0.09637687355279922,
        0.5347307920455933
      ],
      [
        0.0,
        0.0,
        0.0,
        1.0
      ]
    ]
  },
  "cam_right": {
    "name": "__tmp_Camera_012_R",
    "matrix_world": [
      [
        0.9245486855506897,
        -0.036725740879774094,
        0.379289835691452,
        -11.764514923095703
      ],
      [
        0.38106369972229004,
        0.08910511434078217,
        -0.9202449321746826,
        1.0658771991729736
      ],
      [
        1.2030043627930809e-08,
        0.9953449368476868,
        0.09637687355279922,
        0.5347307920455933
      ],
      [
        0.0,
        0.0,
        0.0,
        1.0
      ]
    ]
  },
  "focal_mm": 27.983159590019824,
  "min_focal_mm": 24,
  "max_focal_mm": 40
}