{
  "base_camera_name": "Camera.000",
  "width": 512,
  "height": 512,
  "baseline_m": 0.06,
  "baseline_choices_m": [
    0.06,
    0.08,
    0.1,
    0.12,
    0.14
  ],
  "fov_deg": 66.50885534068976,
  "min_fov_deg": 50,
  "max_fov_deg": 75,
  "fx": 390.3990921793223,
  "fy": 390.3990921793223,
  "cx": 256.0,
  "cy": 256.0,
  "image_left": "left.jpg",
  "image_right": "right.jpg",
  "image_depth_left": "depth_left_0001.exr",
  "base_camera": {
    "name": "Camera.000",
    "matrix_world": [
      [
        -0.5927412509918213,
        -0.019968586042523384,
        -0.8051453828811646,
        -13.25556755065918
      ],
      [
        -0.8053929209709167,
        0.014696046710014343,
        0.5925590395927429,
        -3.5019588470458984
      ],
      [
        -1.1298134694470718e-07,
        0.9996926188468933,
        -0.024793511256575584,
        0.945870041847229
      ],
      [
        0.0,
        0.0,
        0.0,
        1.0
      ]
    ]
  },
  "cam_left": {
    "name": "__tmp_Camera_000_L",
    "matrix_world": [
      [
        -0.5927411913871765,
        -0.019968608394265175,
        -0.8051453828811646,
        -13.237785339355469
      ],
      [
        -0.805392861366272,
        0.014696015976369381,
        0.5925590395927429,
        -3.477797031402588
      ],
      [
        -1.5105641182344698e-07,
        0.9996926188468933,
        -0.024793511256575584,
        0.945870041847229
      ],
      [
        0.0,
        0.0,
        0.0,
        1.0
      ]
    ]
  },
  "cam_right": {
    "name": "__tmp_Camera_000_R",
    "matrix_world": [
      [
        -0.5927411913871765,
        -0.019968608394265175,
        -0.8051453828811646,
        -13.27334976196289
      ],
      [
        -0.805392861366272,
        0.014696015976369381,
        0.5925590395927429,
        -3.526120662689209
      ],
      [
        -1.5105641182344698e-07,
        0.9996926188468933,
        -0.024793511256575584,
        0.945870041847229
      ],
      [
        0.0,
        0.0,
        0.0,
        1.0
      ]
    ]
  },
  "focal_mm": 27.449936168858606,
  "min_focal_mm": 24,
  "max_focal_mm": 40
}