{
  "base_camera_name": "Camera.018",
  "width": 512,
  "height": 512,
  "baseline_m": 0.12,
  "baseline_choices_m": [
    0.06,
    0.08,
    0.1,
    0.12,
    0.14
  ],
  "fov_deg": 72.89586786035993,
  "min_fov_deg": 50,
  "max_fov_deg": 75,
  "fx": 346.62245452961054,
  "fy": 346.62245452961054,
  "cx": 256.0,
  "cy": 256.0,
  "image_left": "left.jpg",
  "image_right": "right.jpg",
  "image_depth_left": "depth_left_0001.exr",
  "base_camera": {
    "name": "Camera.018",
    "matrix_world": [
      [
        -0.6469143033027649,
        0.2886475920677185,
        0.7058218121528625,
        -11.108283042907715
      ],
      [
        0.7625627517700195,
        0.24487191438674927,
        0.5987786054611206,
        -1.8697574138641357
      ],
      [
        6.437506527845471e-08,
        0.9255918860435486,
        -0.378523051738739,
        1.4266178607940674
      ],
      [
        0.0,
        0.0,
        0.0,
        1.0
      ]
    ]
  },
  "cam_left": {
    "name": "__tmp_Camera_018_L",
    "matrix_world": [
      [
        -0.6469143033027649,
        0.2886476218700409,
        0.7058218121528625,
        -11.06946849822998
      ],
      [
        0.7625627517700195,
        0.24487188458442688,
        0.5987786054611206,
        -1.915511131286621
      ],
      [
        1.1260054577633127e-07,
        0.9255918860435486,
        -0.378523051738739,
        1.4266178607940674
      ],
      [
        0.0,
        0.0,
        0.0,
        1.0
      ]
    ]
  },
  "cam_right": {
    "name": "__tmp_Camera_018_R",
    "matrix_world": [
      [
        -0.6469143033027649,
        0.2886476218700409,
        0.7058218121528625,
        -11.14709758758545
      ],
      [
        0.7625627517700195,
        0.24487188458442688,
        0.5987786054611206,
        -1.8240036964416504
      ],
      [
        1.1260054577633127e-07,
        0.9255918860435486,
        -0.378523051738739,
        1.4266178607940674
      ],
      [
        0.0,
        0.0,
        0.0,
        1.0
      ]
    ]
  },
  "focal_mm": 24.371891334113243,
  "min_focal_mm": 24,
  "max_focal_mm": 40
}