{
  "base_camera_name": "Camera.007",
  "width": 512,
  "height": 512,
  "baseline_m": 0.08,
  "baseline_choices_m": [
    0.06,
    0.08,
    0.1,
    0.12,
    0.14
  ],
  "fov_deg": 66.29460654553887,
  "min_fov_deg": 50,
  "max_fov_deg": 75,
  "fx": 391.9954055293612,
  "fy": 391.9954055293612,
  "cx": 256.0,
  "cy": 256.0,
  "image_left": "left.jpg",
  "image_right": "right.jpg",
  "image_depth_left": "depth_left_0001.exr",
  "base_camera": {
    "name": "Camera.007",
    "matrix_world": [
      [
        -0.24581584334373474,
        0.1716456264257431,
        0.9539980888366699,
        -10.39738655090332
      ],
      [
        0.9693165421485901,
        0.043528828769922256,
        0.24193112552165985,
        -3.5127182006835938
      ],
      [
        1.5965891941860377e-09,
        0.984196662902832,
        -0.17707902193069458,
        0.945870041847229
      ],
      [
        0.0,
        0.0,
        0.0,
        1.0
      ]
    ]
  },
  "cam_left": {
    "name": "__tmp_Camera_007_L",
    "matrix_world": [
      [
        -0.24581584334373474,
        0.1716456264257431,
        0.9539980888366699,
        -10.387554168701172
      ],
      [
        0.9693165421485901,
        0.04352884367108345,
        0.24193112552165985,
        -3.5514907836914062
      ],
      [
        -1.2559489448449312e-08,
        0.984196662902832,
        -0.17707902193069458,
        0.945870041847229
      ],
      [
        0.0,
        0.0,
        0.0,
        1.0
      ]
    ]
  },
  "cam_right": {
    "name": "__tmp_Camera_007_R",
    "matrix_world": [
      [
        -0.24581584334373474,
        0.1716456264257431,
        0.9539980888366699,
        -10.407218933105469
      ],
      [
        0.9693165421485901,
        0.04352884367108345,
        0.24193112552165985,
        -3.4739456176757812
      ],
      [
        -1.2559489448449312e-08,
        0.984196662902832,
        -0.17707902193069458,
        0.945870041847229
      ],
      [
        0.0,
        0.0,
        0.0,
        1.0
      ]
    ]
  },
  "focal_mm": 27.562176951283213,
  "min_focal_mm": 24,
  "max_focal_mm": 40
}