{
  "base_camera_name": "Camera.004",
  "width": 512,
  "height": 512,
  "baseline_m": 0.1,
  "baseline_choices_m": [
    0.06,
    0.08,
    0.1,
    0.12,
    0.14
  ],
  "fov_deg": 61.28915492760036,
  "min_fov_deg": 50,
  "max_fov_deg": 75,
  "fx": 432.1047234585959,
  "fy": 432.1047234585959,
  "cx": 256.0,
  "cy": 256.0,
  "image_left": "left.jpg",
  "image_right": "right.jpg",
  "image_depth_left": "depth_left_0001.exr",
  "base_camera": {
    "name": "Camera.004",
    "matrix_world": [
      [
        0.012839635834097862,
        0.18653178215026855,
        0.9823650121688843,
        -10.270025253295898
      ],
      [
        0.9999175667762756,
        -0.002395257819443941,
        -0.012614238075911999,
        -3.9732320308685303
      ],
      [
        6.133010543862838e-08,
        0.982446014881134,
        -0.1865471601486206,
        0.5347307920455933
      ],
      [
        0.0,
        0.0,
        0.0,
        1.0
      ]
    ]
  },
  "cam_left": {
    "name": "__tmp_Camera_004_L",
    "matrix_world": [
      [
        0.012839874252676964,
        0.18653178215026855,
        0.9823650121688843,
        -10.27066707611084
      ],
      [
        0.9999175667762756,
        -0.0023953753989189863,
        -0.012614457868039608,
        -4.023227691650391
      ],
      [
        1.357568208959492e-07,
        0.982446014881134,
        -0.1865471601486206,
        0.5347307920455933
      ],
      [
        0.0,
        0.0,
        0.0,
        1.0
      ]
    ]
  },
  "cam_right": {
    "name": "__tmp_Camera_004_R",
    "matrix_world": [
      [
        0.012839874252676964,
        0.18653178215026855,
        0.9823650121688843,
        -10.269383430480957
      ],
      [
        0.9999175667762756,
        -0.0023953753989189863,
        -0.012614457868039608,
        -3.923236131668091
      ],
      [
        1.357568208959492e-07,
        0.982446014881134,
        -0.1865471601486206,
        0.5347307920455933
      ],
      [
        0.0,
        0.0,
        0.0,
        1.0
      ]
    ]
  },
  "focal_mm": 30.38236336818253,
  "min_focal_mm": 24,
  "max_focal_mm": 40
}