{
  "base_camera_name": "Camera.002",
  "width": 512,
  "height": 512,
  "baseline_m": 0.14,
  "baseline_choices_m": [
    0.06,
    0.08,
    0.1,
    0.12,
    0.14
  ],
  "fov_deg": 62.930420416489106,
  "min_fov_deg": 50,
  "max_fov_deg": 75,
  "fx": 418.3239724427818,
  "fy": 418.3239724427818,
  "cx": 256.0,
  "cy": 256.0,
  "image_left": "left.jpg",
  "image_right": "right.jpg",
  "image_depth_left": "depth_left_0001.exr",
  "base_camera": {
    "name": "Camera.002",
    "matrix_world": [
      [
        0.17422308027744293,
        0.4856971204280853,
        -0.8565889596939087,
        -12.88255500793457
      ],
      [
        -0.9847062230110168,
        0.08593389391899109,
        -0.15155543386936188,
        1.896493673324585
      ],
      [
        -1.5050389379211992e-08,
        0.8698928952217102,
        0.493240624666214,
        0.826576828956604
      ],
      [
        0.0,
        0.0,
        0.0,
        1.0
      ]
    ]
  },
  "cam_left": {
    "name": "__tmp_Camera_002_L",
    "matrix_world": [
      [
        0.17422297596931458,
        0.4856970012187958,
        -0.8565890192985535,
        -12.894750595092773
      ],
      [
        -0.9847062230110168,
        0.08593371510505676,
        -0.1515554040670395,
        1.9654231071472168
      ],
      [
        -1.263114057792336e-07,
        0.8698928952217102,
        0.4932405352592468,
        0.826576828956604
      ],
      [
        0.0,
        0.0,
        0.0,
        1.0
      ]
    ]
  },
  "cam_right": {
    "name": "__tmp_Camera_002_R",
    "matrix_world": [
      [
        0.17422297596931458,
        0.4856970012187958,
        -0.8565890192985535,
        -12.870359420776367
      ],
      [
        -0.9847062230110168,
        0.08593371510505676,
        -0.1515554040670395,
        1.8275642395019531
      ],
      [
        -1.263114057792336e-07,
        0.8698928952217102,
        0.4932405352592468,
        0.826576828956604
      ],
      [
        0.0,
        0.0,
        0.0,
        1.0
      ]
    ]
  },
  "focal_mm": 29.413404312383093,
  "min_focal_mm": 24,
  "max_focal_mm": 40
}