{
  "base_camera_name": "Camera.005",
  "width": 512,
  "height": 512,
  "baseline_m": 0.08,
  "baseline_choices_m": [
    0.06,
    0.08,
    0.1,
    0.12,
    0.14
  ],
  "fov_deg": 61.904584414133865,
  "min_fov_deg": 50,
  "max_fov_deg": 75,
  "fx": 426.8602406959728,
  "fy": 426.8602406959728,
  "cx": 256.0,
  "cy": 256.0,
  "image_left": "left.jpg",
  "image_right": "right.jpg",
  "image_depth_left": "depth_left_0001.exr",
  "base_camera": {
    "name": "Camera.005",
    "matrix_world": [
      [
        0.8557087182998657,
        0.0761822760105133,
        0.5118191838264465,
        -11.691816329956055
      ],
      [
        0.5174578428268433,
        -0.12598101794719696,
        -0.8463841676712036,
        -5.395024299621582
      ],
      [
        2.8345773728233326e-08,
        0.9891031384468079,
        -0.14722417294979095,
        0.5347307920455933
      ],
      [
        0.0,
        0.0,
        0.0,
        1.0
      ]
    ]
  },
  "cam_left": {
    "name": "__tmp_Camera_005_L",
    "matrix_world": [
      [
        0.855708658695221,
        0.07618237286806107,
        0.5118191838264465,
        -11.726044654846191
      ],
      [
        0.517457902431488,
        -0.12598107755184174,
        -0.8463840484619141,
        -5.415722846984863
      ],
      [
        -6.148159314989243e-09,
        0.9891030788421631,
        -0.1472242772579193,
        0.5347307920455933
      ],
      [
        0.0,
        0.0,
        0.0,
        1.0
      ]
    ]
  },
  "cam_right": {
    "name": "__tmp_Camera_005_R",
    "matrix_world": [
      [
        0.855708658695221,
        0.07618237286806107,
        0.5118191838264465,
        -11.657588005065918
      ],
      [
        0.517457902431488,
        -0.12598107755184174,
        -0.8463840484619141,
        -5.374325752258301
      ],
      [
        -6.148159314989243e-09,
        0.9891030788421631,
        -0.1472242772579193,
        0.5347307920455933
      ],
      [
        0.0,
        0.0,
        0.0,
        1.0
      ]
    ]
  },
  "focal_mm": 30.01361067393558,
  "min_focal_mm": 24,
  "max_focal_mm": 40
}