{
  "base_camera_name": "Camera.011",
  "width": 512,
  "height": 512,
  "baseline_m": 0.12,
  "baseline_choices_m": [
    0.06,
    0.08,
    0.1,
    0.12,
    0.14
  ],
  "fov_deg": 59.73738285600724,
  "min_fov_deg": 50,
  "max_fov_deg": 75,
  "fx": 445.76113272621194,
  "fy": 445.76113272621194,
  "cx": 256.0,
  "cy": 256.0,
  "image_left": "left.jpg",
  "image_right": "right.jpg",
  "image_depth_left": "depth_left_0001.exr",
  "base_camera": {
    "name": "Camera.011",
    "matrix_world": [
      [
        0.21364940702915192,
        0.13107405602931976,
        0.9680772423744202,
        -10.39738655090332
      ],
      [
        0.976910412311554,
        -0.028665876016020775,
        -0.21171757578849792,
        -2.787186861038208
      ],
      [
        9.974843351301388e-08,
        0.990958034992218,
        -0.13417205214500427,
        1.612074375152588
      ],
      [
        0.0,
        0.0,
        0.0,
        1.0
      ]
    ]
  },
  "cam_left": {
    "name": "__tmp_Camera_011_L",
    "matrix_world": [
      [
        0.21364951133728027,
        0.13107402622699738,
        0.9680771827697754,
        -10.410205841064453
      ],
      [
        0.9769103527069092,
        -0.028666028752923012,
        -0.21171768009662628,
        -2.845801591873169
      ],
      [
        2.4287763267238915e-07,
        0.990958034992218,
        -0.13417205214500427,
        1.612074375152588
      ],
      [
        0.0,
        0.0,
        0.0,
        1.0
      ]
    ]
  },
  "cam_right": {
    "name": "__tmp_Camera_011_R",
    "matrix_world": [
      [
        0.21364951133728027,
        0.13107402622699738,
        0.9680771827697754,
        -10.384567260742188
      ],
      [
        0.9769103527069092,
        -0.028666028752923012,
        -0.21171768009662628,
        -2.728572130203247
      ],
      [
        2.4287763267238915e-07,
        0.990958034992218,
        -0.13417205214500427,
        1.612074375152588
      ],
      [
        0.0,
        0.0,
        0.0,
        1.0
      ]
    ]
  },
  "focal_mm": 31.342579644811778,
  "min_focal_mm": 24,
  "max_focal_mm": 40
}