{
  "base_camera_name": "Camera.008",
  "width": 512,
  "height": 512,
  "baseline_m": 0.12,
  "baseline_choices_m": [
    0.06,
    0.08,
    0.1,
    0.12,
    0.14
  ],
  "fov_deg": 56.54513257421938,
  "min_fov_deg": 50,
  "max_fov_deg": 75,
  "fx": 475.9894409380085,
  "fy": 475.9894409380085,
  "cx": 256.0,
  "cy": 256.0,
  "image_left": "left.jpg",
  "image_right": "right.jpg",
  "image_depth_left": "depth_left_0001.exr",
  "base_camera": {
    "name": "Camera.008",
    "matrix_world": [
      [
        0.06116475909948349,
        -0.10041528195142746,
        0.993063747882843,
        -10.39738655090332
      ],
      [
        0.9981276988983154,
        0.00615345174446702,
        -0.060854438692331314,
        4.090183734893799
      ],
      [
        -5.470297992360429e-08,
        0.9949265718460083,
        0.10060364753007889,
        0.5347307920455933
      ],
      [
        0.0,
        0.0,
        0.0,
        1.0
      ]
    ]
  },
  "cam_left": {
    "name": "__tmp_Camera_008_L",
    "matrix_world": [
      [
        0.06116475909948349,
        -0.10041515529155731,
        0.993063747882843,
        -10.401056289672852
      ],
      [
        0.9981276988983154,
        0.006153527181595564,
        -0.06085442751646042,
        4.0302958488464355
      ],
      [
        -1.380386720484239e-07,
        0.9949265718460083,
        0.10060352087020874,
        0.5347307920455933
      ],
      [
        0.0,
        0.0,
        0.0,
        1.0
      ]
    ]
  },
  "cam_right": {
    "name": "__tmp_Camera_008_R",
    "matrix_world": [
      [
        0.06116475909948349,
        -0.10041515529155731,
        0.993063747882843,
        -10.393716812133789
      ],
      [
        0.9981276988983154,
        0.006153527181595564,
        -0.06085442751646042,
        4.150071620941162
      ],
      [
        -1.380386720484239e-07,
        0.9949265718460083,
        0.10060352087020874,
        0.5347307920455933
      ],
      [
        0.0,
        0.0,
        0.0,
        1.0
      ]
    ]
  },
  "focal_mm": 33.46800756595373,
  "min_focal_mm": 24,
  "max_focal_mm": 40
}