{
  "base_camera_name": "Camera.010",
  "width": 512,
  "height": 512,
  "baseline_m": 0.1,
  "baseline_choices_m": [
    0.06,
    0.08,
    0.1,
    0.12,
    0.14
  ],
  "fov_deg": 68.51363605057385,
  "min_fov_deg": 50,
  "max_fov_deg": 75,
  "fx": 375.8902015853087,
  "fy": 375.8902015853087,
  "cx": 256.0,
  "cy": 256.0,
  "image_left": "left.jpg",
  "image_right": "right.jpg",
  "image_depth_left": "depth_left_0001.exr",
  "base_camera": {
    "name": "Camera.010",
    "matrix_world": [
      [
        0.6391493082046509,
        -0.18145543336868286,
        0.7473701238632202,
        -11.076004981994629
      ],
      [
        0.7690826654434204,
        0.15079917013645172,
        -0.6211050152778625,
        1.7507715225219727
      ],
      [
        8.371530668682681e-08,
        0.9717682600021362,
        0.23593740165233612,
        0.5347307920455933
      ],
      [
        0.0,
        0.0,
        0.0,
        1.0
      ]
    ]
  },
  "cam_left": {
    "name": "__tmp_Camera_010_L",
    "matrix_world": [
      [
        0.6391493082046509,
        -0.18145526945590973,
        0.747370183467865,
        -11.107962608337402
      ],
      [
        0.7690826654434204,
        0.1507989913225174,
        -0.6211050748825073,
        1.7123173475265503
      ],
      [
        1.2352072076282639e-07,
        0.971768319606781,
        0.2359371781349182,
        0.5347307920455933
      ],
      [
        0.0,
        0.0,
        0.0,
        1.0
      ]
    ]
  },
  "cam_right": {
    "name": "__tmp_Camera_010_R",
    "matrix_world": [
      [
        0.6391493082046509,
        -0.18145526945590973,
        0.747370183467865,
        -11.044047355651855
      ],
      [
        0.7690826654434204,
        0.1507989913225174,
        -0.6211050748825073,
        1.789225697517395
      ],
      [
        1.2352072076282639e-07,
        0.971768319606781,
        0.2359371781349182,
        0.5347307920455933
      ],
      [
        0.0,
        0.0,
        0.0,
        1.0
      ]
    ]
  },
  "focal_mm": 26.42977979896702,
  "min_focal_mm": 24,
  "max_focal_mm": 40
}