{
  "base_camera_name": "Camera.008",
  "width": 512,
  "height": 512,
  "baseline_m": 0.08,
  "baseline_choices_m": [
    0.06,
    0.08,
    0.1,
    0.12,
    0.14
  ],
  "fov_deg": 50.322536430977145,
  "min_fov_deg": 50,
  "max_fov_deg": 75,
  "fx": 544.9836533345759,
  "fy": 544.9836533345759,
  "cx": 256.0,
  "cy": 256.0,
  "image_left": "left.jpg",
  "image_right": "right.jpg",
  "image_depth_left": "depth_left_0001.exr",
  "base_camera": {
    "name": "Camera.008",
    "matrix_world": [
      [
        0.20545858144760132,
        -0.13080032169818878,
        -0.9698855876922607,
        -13.25556755065918
      ],
      [
        -0.978665828704834,
        -0.02745983377099037,
        -0.20361529290676117,
        -2.7764272689819336
      ],
      [
        4.996942948309879e-08,
        0.991028368473053,
        -0.13365165889263153,
        1.612074375152588
      ],
      [
        0.0,
        0.0,
        0.0,
        1.0
      ]
    ]
  },
  "cam_left": {
    "name": "__tmp_Camera_008_L",
    "matrix_world": [
      [
        0.20545846223831177,
        -0.13080032169818878,
        -0.9698855876922607,
        -13.263786315917969
      ],
      [
        -0.978665828704834,
        -0.0274597629904747,
        -0.2036151885986328,
        -2.7372806072235107
      ],
      [
        1.0376452763694033e-07,
        0.9910283088684082,
        -0.13365165889263153,
        1.612074375152588
      ],
      [
        0.0,
        0.0,
        0.0,
        1.0
      ]
    ]
  },
  "cam_right": {
    "name": "__tmp_Camera_008_R",
    "matrix_world": [
      [
        0.20545846223831177,
        -0.13080032169818878,
        -0.9698855876922607,
        -13.24734878540039
      ],
      [
        -0.978665828704834,
        -0.0274597629904747,
        -0.2036151885986328,
        -2.8155739307403564
      ],
      [
        1.0376452763694033e-07,
        0.9910283088684082,
        -0.13365165889263153,
        1.612074375152588
      ],
      [
        0.0,
        0.0,
        0.0,
        1.0
      ]
    ]
  },
  "focal_mm": 38.31916312508737,
  "min_focal_mm": 24,
  "max_focal_mm": 40
}