{
  "base_camera_name": "Camera.005",
  "width": 512,
  "height": 512,
  "baseline_m": 0.14,
  "baseline_choices_m": [
    0.06,
    0.08,
    0.1,
    0.12,
    0.14
  ],
  "fov_deg": 49.861589789872504,
  "min_fov_deg": 50,
  "max_fov_deg": 75,
  "fx": 550.7295151687903,
  "fy": 550.7295151687903,
  "cx": 256.0,
  "cy": 256.0,
  "image_left": "left.jpg",
  "image_right": "right.jpg",
  "image_depth_left": "depth_left_0001.exr",
  "base_camera": {
    "name": "Camera.005",
    "matrix_world": [
      [
        0.8596032857894897,
        -0.06170206144452095,
        0.5072228908538818,
        0.9313864707946777
      ],
      [
        0.5109620094299316,
        0.10380284488201141,
        -0.8533127903938293,
        -0.7851611375808716
      ],
      [
        -2.087480943657738e-08,
        0.992682158946991,
        0.12075667828321457,
        0.682619571685791
      ],
      [
        0.0,
        0.0,
        0.0,
        1.0
      ]
    ]
  },
  "cam_left": {
    "name": "__tmp_Camera_005_L",
    "matrix_world": [
      [
        0.8596032857894897,
        -0.06170205771923065,
        0.5072228908538818,
        0.8712142705917358
      ],
      [
        0.5109620094299316,
        0.10380284488201141,
        -0.8533127903938293,
        -0.8209284543991089
      ],
      [
        -2.33331238774781e-08,
        0.992682158946991,
        0.12075667828321457,
        0.682619571685791
      ],
      [
        0.0,
        0.0,
        0.0,
        1.0
      ]
    ]
  },
  "cam_right": {
    "name": "__tmp_Camera_005_R",
    "matrix_world": [
      [
        0.8596032857894897,
        -0.06170205771923065,
        0.5072228908538818,
        0.9915586709976196
      ],
      [
        0.5109620094299316,
        0.10380284488201141,
        -0.8533127903938293,
        -0.7493938207626343
      ],
      [
        -2.33331238774781e-08,
        0.992682158946991,
        0.12075667828321457,
        0.682619571685791
      ],
      [
        0.0,
        0.0,
        0.0,
        1.0
      ]
    ]
  },
  "focal_mm": 38.72316903530557,
  "min_focal_mm": 24,
  "max_focal_mm": 40
}