{
  "base_camera_name": "Camera.001",
  "width": 512,
  "height": 512,
  "baseline_m": 0.1,
  "baseline_choices_m": [
    0.06,
    0.08,
    0.1,
    0.12,
    0.14
  ],
  "fov_deg": 57.19253108332467,
  "min_fov_deg": 50,
  "max_fov_deg": 75,
  "fx": 469.6100404888983,
  "fy": 469.6100404888983,
  "cx": 256.0,
  "cy": 256.0,
  "image_left": "left.jpg",
  "image_right": "right.jpg",
  "image_depth_left": "depth_left_0001.exr",
  "base_camera": {
    "name": "Camera.001",
    "matrix_world": [
      [
        -0.9995840191841125,
        -0.026221992447972298,
        -0.0120087880641222,
        -11.83377456665039
      ],
      [
        -0.028841011226177216,
        0.9088142514228821,
        0.41620293259620667,
        -2.0801663398742676
      ],
      [
        8.742277657347586e-08,
        0.41637614369392395,
        -0.9091924428939819,
        0.945870041847229
      ],
      [
        0.0,
        0.0,
        0.0,
        1.0
      ]
    ]
  },
  "cam_left": {
    "name": "__tmp_Camera_001_L",
    "matrix_world": [
      [
        -0.9995840191841125,
        -0.02622196637094021,
        -0.01200884860008955,
        -11.783795356750488
      ],
      [
        -0.028841013088822365,
        0.9088141918182373,
        0.41620299220085144,
        -2.0787243843078613
      ],
      [
        1.5099580252808664e-07,
        0.4163762032985687,
        -0.9091924428939819,
        0.945870041847229
      ],
      [
        0.0,
        0.0,
        0.0,
        1.0
      ]
    ]
  },
  "cam_right": {
    "name": "__tmp_Camera_001_R",
    "matrix_world": [
      [
        -0.9995840191841125,
        -0.02622196637094021,
        -0.01200884860008955,
        -11.883753776550293
      ],
      [
        -0.028841013088822365,
        0.9088141918182373,
        0.41620299220085144,
        -2.081608295440674
      ],
      [
        1.5099580252808664e-07,
        0.4163762032985687,
        -0.9091924428939819,
        0.945870041847229
      ],
      [
        0.0,
        0.0,
        0.0,
        1.0
      ]
    ]
  },
  "focal_mm": 33.01945597187566,
  "min_focal_mm": 24,
  "max_focal_mm": 40
}