{
  "base_camera_name": "Camera.003",
  "width": 512,
  "height": 512,
  "baseline_m": 0.12,
  "baseline_choices_m": [
    0.06,
    0.08,
    0.1,
    0.12,
    0.14
  ],
  "fov_deg": 48.64283249223048,
  "min_fov_deg": 50,
  "max_fov_deg": 75,
  "fx": 566.4125638367979,
  "fy": 566.4125638367979,
  "cx": 256.0,
  "cy": 256.0,
  "image_left": "left.jpg",
  "image_right": "right.jpg",
  "image_depth_left": "depth_left_0001.exr",
  "base_camera": {
    "name": "Camera.003",
    "matrix_world": [
      [
        -0.21454913914203644,
        0.17451998591423035,
        -0.9609950184822083,
        -13.333866119384766
      ],
      [
        -0.9767131805419922,
        -0.03833587095141411,
        0.2110964059829712,
        -3.962472677230835
      ],
      [
        -3.949599047814445e-08,
        0.9839071035385132,
        0.1786808967590332,
        0.5347307920455933
      ],
      [
        0.0,
        0.0,
        0.0,
        1.0
      ]
    ]
  },
  "cam_left": {
    "name": "__tmp_Camera_003_L",
    "matrix_world": [
      [
        -0.21454913914203644,
        0.174519881606102,
        -0.9609950184822083,
        -13.320993423461914
      ],
      [
        -0.9767131805419922,
        -0.038335829973220825,
        0.21109642088413239,
        -3.903869867324829
      ],
      [
        -2.1515196735322206e-08,
        0.9839071035385132,
        0.17868077754974365,
        0.5347307920455933
      ],
      [
        0.0,
        0.0,
        0.0,
        1.0
      ]
    ]
  },
  "cam_right": {
    "name": "__tmp_Camera_003_R",
    "matrix_world": [
      [
        -0.21454913914203644,
        0.174519881606102,
        -0.9609950184822083,
        -13.346738815307617
      ],
      [
        -0.9767131805419922,
        -0.038335829973220825,
        0.21109642088413239,
        -4.021075248718262
      ],
      [
        -2.1515196735322206e-08,
        0.9839071035385132,
        0.17868077754974365,
        0.5347307920455933
      ],
      [
        0.0,
        0.0,
        0.0,
        1.0
      ]
    ]
  },
  "focal_mm": 39.82588339477485,
  "min_focal_mm": 24,
  "max_focal_mm": 40
}