{
  "base_camera_name": "Camera.003",
  "width": 512,
  "height": 512,
  "baseline_m": 0.1,
  "baseline_choices_m": [
    0.06,
    0.08,
    0.1,
    0.12,
    0.14
  ],
  "fov_deg": 56.47400151653075,
  "min_fov_deg": 50,
  "max_fov_deg": 75,
  "fx": 476.69853314837286,
  "fy": 476.69853314837286,
  "cx": 256.0,
  "cy": 256.0,
  "image_left": "left.jpg",
  "image_right": "right.jpg",
  "image_depth_left": "depth_left_0001.exr",
  "base_camera": {
    "name": "Camera.003",
    "matrix_world": [
      [
        0.8186547756195068,
        0.06596799194812775,
        -0.5704845190048218,
        -0.8374471664428711
      ],
      [
        -0.5742859244346619,
        0.09403852373361588,
        -0.8132357597351074,
        -0.786383867263794
      ],
      [
        -1.0525162963404e-08,
        0.993380606174469,
        0.11486957222223282,
        0.682619571685791
      ],
      [
        0.0,
        0.0,
        0.0,
        1.0
      ]
    ]
  },
  "cam_left": {
    "name": "__tmp_Camera_003_L",
    "matrix_world": [
      [
        0.8186547756195068,
        0.06596796214580536,
        -0.5704845190048218,
        -0.8783798813819885
      ],
      [
        -0.5742859244346619,
        0.09403854608535767,
        -0.8132357597351074,
        -0.7576695680618286
      ],
      [
        2.6936946895261826e-08,
        0.993380606174469,
        0.11486957222223282,
        0.682619571685791
      ],
      [
        0.0,
        0.0,
        0.0,
        1.0
      ]
    ]
  },
  "cam_right": {
    "name": "__tmp_Camera_003_R",
    "matrix_world": [
      [
        0.8186547756195068,
        0.06596796214580536,
        -0.5704845190048218,
        -0.7965144515037537
      ],
      [
        -0.5742859244346619,
        0.09403854608535767,
        -0.8132357597351074,
        -0.8150981664657593
      ],
      [
        2.6936946895261826e-08,
        0.993380606174469,
        0.11486957222223282,
        0.682619571685791
      ],
      [
        0.0,
        0.0,
        0.0,
        1.0
      ]
    ]
  },
  "focal_mm": 33.517865611994964,
  "min_focal_mm": 24,
  "max_focal_mm": 40
}