{
  "base_camera_name": "Camera.009",
  "width": 512,
  "height": 512,
  "baseline_m": 0.1,
  "baseline_choices_m": [
    0.06,
    0.08,
    0.1,
    0.12,
    0.14
  ],
  "fov_deg": 56.44939196172163,
  "min_fov_deg": 50,
  "max_fov_deg": 75,
  "fx": 476.94424299826363,
  "fy": 476.94424299826363,
  "cx": 256.0,
  "cy": 256.0,
  "image_left": "left.jpg",
  "image_right": "right.jpg",
  "image_depth_left": "depth_left_0001.exr",
  "base_camera": {
    "name": "Camera.009",
    "matrix_world": [
      [
        -0.9999482035636902,
        -0.0017656461568549275,
        -0.010022434405982494,
        -11.83377456665039
      ],
      [
        -0.010176772251725197,
        0.17350327968597412,
        0.9847807288169861,
        -1.3546351194381714
      ],
      [
        1.5099580252808664e-07,
        0.984831690788269,
        -0.173512265086174,
        1.612074375152588
      ],
      [
        0.0,
        0.0,
        0.0,
        1.0
      ]
    ]
  },
  "cam_left": {
    "name": "__tmp_Camera_009_L",
    "matrix_world": [
      [
        -0.9999482035636902,
        -0.0017656455747783184,
        -0.01002243161201477,
        -11.783777236938477
      ],
      [
        -0.010176769457757473,
        0.17350326478481293,
        0.9847807288169861,
        -1.3541263341903687
      ],
      [
        1.5099580252808664e-07,
        0.9848316311836243,
        -0.173512265086174,
        1.612074375152588
      ],
      [
        0.0,
        0.0,
        0.0,
        1.0
      ]
    ]
  },
  "cam_right": {
    "name": "__tmp_Camera_009_R",
    "matrix_world": [
      [
        -0.9999482035636902,
        -0.0017656455747783184,
        -0.01002243161201477,
        -11.883771896362305
      ],
      [
        -0.010176769457757473,
        0.17350326478481293,
        0.9847807288169861,
        -1.3551439046859741
      ],
      [
        1.5099580252808664e-07,
        0.9848316311836243,
        -0.173512265086174,
        1.612074375152588
      ],
      [
        0.0,
        0.0,
        0.0,
        1.0
      ]
    ]
  },
  "focal_mm": 33.53514208581541,
  "min_focal_mm": 24,
  "max_focal_mm": 40
}