{
  "base_camera_name": "Camera.017",
  "width": 512,
  "height": 512,
  "baseline_m": 0.1,
  "baseline_choices_m": [
    0.06,
    0.08,
    0.1,
    0.12,
    0.14
  ],
  "fov_deg": 70.89347722928272,
  "min_fov_deg": 50,
  "max_fov_deg": 75,
  "fx": 359.6053870855921,
  "fy": 359.6053870855921,
  "cx": 256.0,
  "cy": 256.0,
  "image_left": "left.jpg",
  "image_right": "right.jpg",
  "image_depth_left": "depth_left_0001.exr",
  "base_camera": {
    "name": "Camera.017",
    "matrix_world": [
      [
        -0.6557343006134033,
        -0.2805684804916382,
        -0.7009235620498657,
        -12.544671058654785
      ],
      [
        -0.7549917101860046,
        0.24368248879909515,
        0.6087744235992432,
        -1.8482005596160889
      ],
      [
        -1.0805185013396112e-07,
        0.9283857941627502,
        -0.37161785364151,
        1.4266178607940674
      ],
      [
        0.0,
        0.0,
        0.0,
        1.0
      ]
    ]
  },
  "cam_left": {
    "name": "__tmp_Camera_017_L",
    "matrix_world": [
      [
        -0.6557343006134033,
        -0.28056851029396057,
        -0.7009235620498657,
        -12.511884689331055
      ],
      [
        -0.7549917101860046,
        0.2436826229095459,
        0.6087743639945984,
        -1.8104510307312012
      ],
      [
        -3.799782533064899e-08,
        0.9283857345581055,
        -0.3716179430484772,
        1.4266178607940674
      ],
      [
        0.0,
        0.0,
        0.0,
        1.0
      ]
    ]
  },
  "cam_right": {
    "name": "__tmp_Camera_017_R",
    "matrix_world": [
      [
        -0.6557343006134033,
        -0.28056851029396057,
        -0.7009235620498657,
        -12.577457427978516
      ],
      [
        -0.7549917101860046,
        0.2436826229095459,
        0.6087743639945984,
        -1.8859500885009766
      ],
      [
        -3.799782533064899e-08,
        0.9283857345581055,
        -0.3716179430484772,
        1.4266178607940674
      ],
      [
        0.0,
        0.0,
        0.0,
        1.0
      ]
    ]
  },
  "focal_mm": 25.284753779455695,
  "min_focal_mm": 24,
  "max_focal_mm": 40
}